-- MySQL dump 10.13  Distrib 8.0.36, for Linux (x86_64)
--
-- Host: host.cpse21.eu    Database: g285520_surf_log
-- ------------------------------------------------------
-- Server version	8.0.37

/*!40101 SET @OLD_CHARACTER_SET_CLIENT=@@CHARACTER_SET_CLIENT */;
/*!40101 SET @OLD_CHARACTER_SET_RESULTS=@@CHARACTER_SET_RESULTS */;
/*!40101 SET @OLD_COLLATION_CONNECTION=@@COLLATION_CONNECTION */;
/*!50503 SET NAMES utf8 */;
/*!40103 SET @OLD_TIME_ZONE=@@TIME_ZONE */;
/*!40103 SET TIME_ZONE='+00:00' */;
/*!40014 SET @OLD_UNIQUE_CHECKS=@@UNIQUE_CHECKS, UNIQUE_CHECKS=0 */;
/*!40014 SET @OLD_FOREIGN_KEY_CHECKS=@@FOREIGN_KEY_CHECKS, FOREIGN_KEY_CHECKS=0 */;
/*!40101 SET @OLD_SQL_MODE=@@SQL_MODE, SQL_MODE='NO_AUTO_VALUE_ON_ZERO' */;
/*!40111 SET @OLD_SQL_NOTES=@@SQL_NOTES, SQL_NOTES=0 */;

--
-- Table structure for table `adjuntos`
--

DROP TABLE IF EXISTS `adjuntos`;
/*!40101 SET @saved_cs_client     = @@character_set_client */;
/*!50503 SET character_set_client = utf8mb4 */;
CREATE TABLE `adjuntos` (
  `id` int NOT NULL AUTO_INCREMENT,
  `registro_id` int NOT NULL,
  `tipo` enum('foto','video') COLLATE utf8mb4_general_ci NOT NULL,
  `ruta` varchar(255) COLLATE utf8mb4_general_ci NOT NULL,
  PRIMARY KEY (`id`),
  KEY `registro_id` (`registro_id`),
  CONSTRAINT `adjuntos_ibfk_1` FOREIGN KEY (`registro_id`) REFERENCES `registros` (`id`) ON DELETE CASCADE
) ENGINE=InnoDB AUTO_INCREMENT=66 DEFAULT CHARSET=utf8mb4 COLLATE=utf8mb4_general_ci;
/*!40101 SET character_set_client = @saved_cs_client */;

--
-- Dumping data for table `adjuntos`
--

LOCK TABLES `adjuntos` WRITE;
/*!40000 ALTER TABLE `adjuntos` DISABLE KEYS */;
INSERT INTO `adjuntos` VALUES (1,26,'foto','/registros/2024-03-05 10:59:14 - 10 - O99M.jpg'),(2,31,'foto','registros/2024-03-07 13:52:24 - 13 - qLLR.jpg'),(3,29,'foto','registros/2024-03-06 09:41:48 - 13 - J3-1.jpg'),(4,28,'foto','registros/2024-03-05 23:08:03 - 10 - 6hNL.jpg'),(6,25,'foto','/registros/2024-03-05 08:07:43 - 13 - _dMj.jpg'),(7,24,'foto','/registros/2024-03-05 08:03:06 - 13 - Z7zg.jpg'),(8,20,'foto','/registros/2024-03-03 15:40:05 - 25 - 6_Tl.jpg'),(9,17,'foto','/registros/2024-03-01 09:02:24 - 13 - m_vW.jpg'),(10,16,'foto','/registros/2024-03-01 08:56:08 - 13 - FJ7S.jpg'),(11,14,'foto','/registros/2024-02-29 08:58:44 - 9 - TLU5.jpg'),(12,32,'foto','registros/pruebas/2024-03-08 08_46_57-013-7NUE.jpg'),(13,32,'foto','registros/pruebas/2024-03-08 08_46_57-013-J-py.jpg'),(14,34,'video','registros/pruebas/2024-03-10T12_49_16-001-bFF7.mp4'),(15,34,'foto','registros/pruebas/2024-03-10T12_49_16-001-l1Bo.jpg'),(16,34,'foto','registros/pruebas/2024-03-10T12_49_16-001-pRfZ.jpg'),(17,35,'foto','registros/pruebas/2024-03-10T15_07_53-014-AB70.jpg'),(18,36,'foto','registros/pruebas/2024-03-11T09_00_02-013-tZSy.jpg'),(19,36,'video','registros/pruebas/2024-03-11T09_00_02-013-pK8R.mp4'),(20,36,'foto','registros/pruebas/2024-03-11T09_00_02-013-Lvhh.jpg'),(21,37,'foto','registros/pruebas/2024-03-11T09_24_57-013-B5wH.jpg'),(22,37,'foto','registros/pruebas/2024-03-11T09_24_57-013-aZ3j.jpg'),(23,37,'foto','registros/pruebas/2024-03-11T09_24_57-013--Rgx.jpg'),(24,37,'foto','registros/pruebas/2024-03-11T09_24_57-013-ZUrB.jpg'),(25,38,'foto','registros/pruebas/2024-03-12T08_59_47-013-KSBe.jpg'),(26,39,'foto','registros/pruebas/2024-03-13T08_45_28-013-tdcl.jpg'),(27,39,'video','registros/pruebas/2024-03-13T08_45_28-013-c19F.mp4'),(28,40,'foto','registros/pruebas/2024-03-13T08_46_54-013-t8TN.jpg'),(29,41,'foto','registros/pruebas/2024-03-13T12_54_19-017-sSq7.jpg'),(30,41,'video','registros/pruebas/2024-03-13T12_54_19-017-Dtm2.mp4'),(31,43,'foto','registros/pruebas/2024-03-13T13_02_36-016-QAc9.jpg'),(32,43,'foto','registros/pruebas/2024-03-13T15_23_40-016-qMoS.jpg'),(33,44,'foto','registros/pruebas/2024-03-14T08_45_23-013-x-Qy.jpg'),(34,44,'foto','registros/pruebas/2024-03-14T08_45_23-013-HLwJ.jpg'),(35,45,'foto','registros/pruebas/2024-03-15T08_46_43-013-S20z.jpg'),(36,47,'foto','registros/pruebas/2024-03-18T08_39_12-013-TFlq.jpg'),(37,48,'video','registros/pruebas/2024-03-18T08_40_00-013-i731.mp4'),(38,49,'foto','registros/pruebas/2024-03-19T08_54_03-013-_JKl.jpg'),(39,50,'foto','registros/pruebas/2024-03-19T12_38_51-010-Qalv.jpg'),(40,52,'foto','registros/pruebas/2024-03-20T08_35_58-013-xGsj.jpg'),(41,53,'foto','registros/pruebas/2024-03-21T15_33_16-013-Atd-.jpg'),(42,54,'foto','registros/pruebas/2024-03-21T17_55_35-013-AyKj.jpg'),(44,59,'foto','registros/pruebas/2024-03-24T11_52_29-010-WGaE.jpg'),(45,59,'video','registros/pruebas/2024-03-24T11_52_29-010-1_Jr.mp4'),(46,60,'foto','registros/pruebas/2024-03-24T14_32_14-013-3iR3.jpg'),(47,61,'foto','registros/pruebas/2024-03-24T21_02_45-029-3VaF.jpg'),(48,61,'foto','registros/pruebas/2024-03-24T21_02_45-029-CcER.jpg'),(49,61,'video','registros/pruebas/2024-03-24T21_02_45-029-Y44E.mp4'),(50,62,'foto','registros/pruebas/2024-04-16T07_53_24-013-hAJ7.jpg'),(51,63,'foto','registros/2024-04-17T07_43_26-013-q9rz.jpg'),(52,64,'foto','registros/2024-04-18T08_02_30-013-I_50.jpg'),(53,65,'foto','registros/2024-04-19T08_00_33-013-DLd1.jpg'),(54,66,'foto','registros/2024-04-21T19_31_26-013-07d0.jpg'),(55,67,'foto','registros/2024-04-24T08_31_20-013-HM-F.jpg'),(56,68,'foto','registros/2024-04-25T07_43_51-013-ITwM.jpg'),(57,69,'foto','registros/2024-04-26T08_19_54-013-WRRl.jpg'),(58,69,'video','registros/2024-04-26T08_19_54-013-rRuU.mp4'),(59,70,'foto','registros/2024-04-29T07_42_41-013-_PTG.jpg'),(60,70,'video','registros/2024-04-29T07_42_41-013-qlhB.mp4'),(61,71,'foto','registros/2024-04-29T11_16_03-013-7Xfa.jpg'),(62,71,'video','registros/2024-04-29T11_16_03-013-3Q84.mp4'),(63,72,'foto','registros/2024-05-02T09_04_33-013-z-Xc.jpg'),(64,72,'foto','registros/2024-05-02T09_04_33-013-Oa3z.jpg'),(65,72,'video','registros/2024-05-02T09_04_33-013-f7mr.mp4');
/*!40000 ALTER TABLE `adjuntos` ENABLE KEYS */;
UNLOCK TABLES;

--
-- Table structure for table `adjuntos_pruebas`
--

DROP TABLE IF EXISTS `adjuntos_pruebas`;
/*!40101 SET @saved_cs_client     = @@character_set_client */;
/*!50503 SET character_set_client = utf8mb4 */;
CREATE TABLE `adjuntos_pruebas` (
  `id` int NOT NULL AUTO_INCREMENT,
  `registro_id` int NOT NULL,
  `tipo` enum('foto','video') COLLATE utf8mb4_general_ci NOT NULL,
  `ruta` varchar(255) COLLATE utf8mb4_general_ci NOT NULL,
  PRIMARY KEY (`id`),
  KEY `registro_id` (`registro_id`),
  CONSTRAINT `adjuntos_pruebas_ibfk_1` FOREIGN KEY (`registro_id`) REFERENCES `registros_pruebas` (`id`) ON DELETE CASCADE
) ENGINE=InnoDB AUTO_INCREMENT=96 DEFAULT CHARSET=utf8mb4 COLLATE=utf8mb4_general_ci;
/*!40101 SET character_set_client = @saved_cs_client */;

--
-- Dumping data for table `adjuntos_pruebas`
--

LOCK TABLES `adjuntos_pruebas` WRITE;
/*!40000 ALTER TABLE `adjuntos_pruebas` DISABLE KEYS */;
INSERT INTO `adjuntos_pruebas` VALUES (12,33,'foto','registros/pruebas/2024-03-08 00_05_18-001-7O7M.jpeg'),(13,33,'foto','registros/pruebas/2024-03-08 00_05_18-001-mlN9.jpg'),(27,54,'foto','registros/pruebas/2024-03-16T14_17_15-009-_uYQ.jpg'),(28,73,'foto','registros/pruebas/2024-03-23T12_44_49-013-pJvv.jpg'),(31,77,'foto','registros/pruebas/2024-04-15T18_17_39-013-9M4h.png'),(32,78,'foto','registros/pruebas/2024-04-15T18_33_43-013-tOhL.png'),(33,79,'foto','registros/pruebas/2024-04-15T19_36_58-013-aQPi.png'),(34,80,'foto','registros/pruebas/2024-04-16T07_53_24-013-hAJ7.jpg'),(35,86,'foto','registros/pruebas/2024-04-16T14_09_35-013-3yqQ.jpg'),(36,87,'foto','registros/pruebas/2024-04-16T14_51_33-013-_kDs.jpg'),(37,89,'foto','registros/pruebas/2024-04-16T17_40_23-013-9hmU.png'),(38,90,'foto','registros/pruebas/2024-04-16T17_41_03-013-g1Li.jpg'),(39,92,'foto','registros/pruebas/2024-04-16T17_48_14-013-2r7x.png'),(40,94,'foto','registros/pruebas/2024-04-16T17_55_54-013-BJzY.png'),(41,95,'foto','registros/pruebas/2024-04-16T17_58_32-013-gGa9.png'),(42,96,'foto','registros/pruebas/2024-04-16T18_33_56-013-Adhd.png'),(43,97,'foto','registros/pruebas/2024-04-16T18_35_44-013-JcRD.png'),(44,99,'foto','registros/pruebas/2024-04-16T21_05_57-013-5hMW.png'),(47,102,'foto','registros/pruebas/2024-04-16T21_11_51-013-n7fj.png'),(48,103,'foto','registros/pruebas/2024-04-16T21_13_23-013-lDQ_.png'),(49,104,'foto','registros/pruebas/2024-04-17T07_42_59-013-DhNx.jpg'),(51,107,'foto','registros/pruebas/2024-04-19T08_01_43-013-dZxP.jpg'),(52,108,'foto','registros/pruebas/2024-04-22T08_47_52-013-OT2Q.png');
/*!40000 ALTER TABLE `adjuntos_pruebas` ENABLE KEYS */;
UNLOCK TABLES;

--
-- Table structure for table `lugares`
--

DROP TABLE IF EXISTS `lugares`;
/*!40101 SET @saved_cs_client     = @@character_set_client */;
/*!50503 SET character_set_client = utf8mb4 */;
CREATE TABLE `lugares` (
  `id` int NOT NULL,
  `nombre` varchar(255) COLLATE utf8mb4_general_ci DEFAULT NULL,
  `coordenadas` varchar(255) COLLATE utf8mb4_general_ci DEFAULT NULL,
  `id_puerto` int DEFAULT NULL,
  PRIMARY KEY (`id`)
) ENGINE=InnoDB DEFAULT CHARSET=utf8mb4 COLLATE=utf8mb4_general_ci;
/*!40101 SET character_set_client = @saved_cs_client */;

--
-- Dumping data for table `lugares`
--

LOCK TABLES `lugares` WRITE;
/*!40000 ALTER TABLE `lugares` DISABLE KEYS */;
INSERT INTO `lugares` VALUES (1,'Seaya','43.32821,-8.82776',21),(2,'Razo','43.2914,-8.7068',21),(3,'Baldaio','43.2991,-8.6836',21),(4,'Caion','43.3157,-8.611',70),(5,'Barrañán','43.3117,-8.5521',70),(6,'Valcobo','43.31578,-8.53323',70),(7,'Sabón','43.4200,-8.9000',70),(8,'Bens','43.4400,-8.9300',20),(9,'Matadero','43.4600,-8.9600',20),(10,'Bastiagueriro','43.4800,-8.9900',20),(11,'Boi de Cantos','43.5000,-9.0200',20),(12,'Ondalonga','43.5200,-9.0500',19),(13,'Playa de Miño','43.35717,-8.21315',19),(14,'Puerto de Miño','43.5400,-9.0800',19),(15,'Doniños','43.5600,-9.1100',18),(16,'San Xurxo','43.5800,-9.1400',18),(17,'Esmelle','42.9500,-8.5200',18),(18,'Sta Comba','43.6000,-9.1700',18),(19,'Ponzos','43.6200,-9.2000',18),(20,'Campelo','43.6400,-9.2300',18),(21,'Do Río','43.6600,-9.2600',18),(22,'La Cristina','43.6800,-9.2900',17),(23,'Valdoviño','43.7000,-9.3200',17),(24,'Pantín','43.7200,-9.3500',17),(25,'Baleo','43.7400,-9.3800',17),(26,'Villarrube','43.7600,-9.4100',17),(27,'Cedeira','43.7800,-9.4400',17),(28,'Ber',NULL,19);
/*!40000 ALTER TABLE `lugares` ENABLE KEYS */;
UNLOCK TABLES;

--
-- Table structure for table `registros`
--

DROP TABLE IF EXISTS `registros`;
/*!40101 SET @saved_cs_client     = @@character_set_client */;
/*!50503 SET character_set_client = utf8mb4 */;
CREATE TABLE `registros` (
  `id` int NOT NULL AUTO_INCREMENT,
  `lugar_id` int NOT NULL,
  `usuario_id` int NOT NULL,
  `altura_marea` double DEFAULT NULL,
  `altura_ola` double DEFAULT NULL,
  `direccion_ola` smallint DEFAULT NULL,
  `direccion_viento` smallint DEFAULT NULL,
  `foto_sesion` varchar(255) COLLATE utf8mb4_general_ci DEFAULT NULL,
  `fotos` varchar(255) COLLATE utf8mb4_general_ci DEFAULT NULL,
  `fotos_sesion` varchar(255) COLLATE utf8mb4_general_ci DEFAULT NULL,
  `gente` int DEFAULT NULL,
  `lluvia` double DEFAULT NULL,
  `momento` timestamp(6) NULL DEFAULT CURRENT_TIMESTAMP(6),
  `nubes` double DEFAULT NULL,
  `numero_olas` tinyint DEFAULT NULL,
  `periodo_ola` double DEFAULT NULL,
  `punto_marea` double DEFAULT NULL,
  `que_tal_olas` tinyint DEFAULT NULL,
  `que_tal_yo` tinyint DEFAULT NULL,
  `subiendo_marea` tinyint(1) DEFAULT NULL,
  `temperatura_agua` double DEFAULT NULL,
  `temperatura_ambiente` double DEFAULT NULL,
  `texto` text COLLATE utf8mb4_general_ci,
  `tiempo` smallint DEFAULT NULL,
  `velocidad_viento` double DEFAULT NULL,
  PRIMARY KEY (`id`),
  KEY `FK7qvo8m1q3g953sr897hxgfy6d` (`lugar_id`),
  CONSTRAINT `registros_ibfk_1` FOREIGN KEY (`lugar_id`) REFERENCES `lugares` (`id`)
) ENGINE=InnoDB AUTO_INCREMENT=73 DEFAULT CHARSET=utf8mb4 COLLATE=utf8mb4_general_ci;
/*!40101 SET character_set_client = @saved_cs_client */;

--
-- Dumping data for table `registros`
--

LOCK TABLES `registros` WRITE;
/*!40000 ALTER TABLE `registros` DISABLE KEYS */;
INSERT INTO `registros` VALUES (14,13,1,1.5,2,180,270,'path/to/foto_sesion.jpg','/registros/2024-02-29 08:58:44 - 9 - TLU5.jpg','path/to/photo1.jpg',0,1.4,'2024-02-29 08:58:44.000000',3,0,10,2,1,1,1,25.5,20,'Primer registro de mt\'s SurfLog',3,15),(16,13,1,1.5,2,180,270,'path/to/foto_sesion.jpg','/registros/2024-03-01 08:56:08 - 13 - FJ7S.jpg','path/to/photo1.jpg',1,1.4,'2024-03-01 07:56:08.000000',3,1,10,2,1,1,1,25.5,20,'1',3,15),(17,13,1,1.5,2,180,270,'path/to/foto_sesion.jpg','/registros/2024-03-01 09:02:24 - 13 - m_vW.jpg','path/to/photo1.jpg',1,1.4,'2024-03-01 08:02:24.000000',3,1,10,2,1,1,1,25.5,20,'1',3,15),(20,28,1,1.5,2,180,270,'path/to/foto_sesion.jpg','/registros/2024-03-03 15:40:05 - 25 - 6_Tl.jpg','path/to/photo1.jpg',1,1.4,'2024-03-03 14:40:05.000000',3,1,10,2,1,1,1,25.5,20,'1',3,15),(24,13,1,NULL,NULL,NULL,NULL,NULL,'/registros/2024-03-05 08:03:06 - 13 - Z7zg.jpg',NULL,NULL,NULL,'2024-03-05 07:03:06.000000',NULL,NULL,NULL,NULL,NULL,NULL,NULL,NULL,NULL,NULL,NULL,NULL),(25,13,1,NULL,NULL,NULL,NULL,NULL,'/registros/2024-03-05 08:07:43 - 13 - _dMj.jpg',NULL,NULL,NULL,'2024-03-05 07:07:43.000000',NULL,NULL,NULL,NULL,NULL,NULL,NULL,NULL,NULL,NULL,NULL,NULL),(26,10,1,NULL,NULL,NULL,NULL,NULL,'/registros/2024-03-05 10:59:14 - 10 - O99M.jpg',NULL,4,NULL,'2024-03-05 10:59:14.000000',NULL,7,NULL,NULL,3,2,NULL,NULL,NULL,'Bonito día, y el mar parecía que estaba bien. Creo que si lo estaba al principio, cuando aún esatba casi llena, pero al bajar un poco se fué estropeando y casi no rompía, desordenado.\r\nYo estaba deleznable, sobre todo al principio, me costó remontar, y me caí varias veces. Después mejor.',99,NULL),(28,10,1,NULL,NULL,NULL,NULL,NULL,'registros/2024-03-05 23:08:03 - 10 - 6hNL.jpg',NULL,NULL,NULL,'2024-03-05 23:08:10.387177',NULL,NULL,NULL,NULL,NULL,NULL,NULL,NULL,NULL,NULL,NULL,NULL),(29,13,1,NULL,NULL,NULL,NULL,NULL,'registros/2024-03-06 09:41:48 - 13 - J3-1.jpg',NULL,NULL,NULL,'2024-03-06 09:41:48.096209',NULL,NULL,NULL,NULL,NULL,NULL,NULL,NULL,NULL,NULL,NULL,NULL),(31,13,1,NULL,NULL,NULL,NULL,NULL,'registros/2024-03-07 13:52:24 - 13 - qLLR.jpg',NULL,NULL,NULL,'2024-03-07 13:52:25.029274',NULL,NULL,NULL,NULL,0,NULL,NULL,NULL,NULL,NULL,NULL,NULL),(32,13,1,NULL,NULL,NULL,NULL,NULL,NULL,NULL,NULL,NULL,'2024-03-08 08:46:57.076056',NULL,NULL,NULL,NULL,1,NULL,NULL,NULL,NULL,NULL,NULL,NULL),(33,13,1,NULL,NULL,NULL,NULL,NULL,NULL,NULL,NULL,NULL,'2024-03-08 16:16:45.340169',NULL,NULL,NULL,NULL,2,NULL,NULL,NULL,NULL,NULL,NULL,NULL),(34,1,1,NULL,NULL,NULL,NULL,NULL,NULL,NULL,NULL,NULL,'2024-03-10 12:49:16.434901',NULL,NULL,NULL,NULL,NULL,NULL,NULL,NULL,NULL,NULL,NULL,NULL),(35,14,1,NULL,NULL,NULL,NULL,NULL,NULL,NULL,NULL,NULL,'2024-03-10 15:07:53.694371',NULL,NULL,NULL,NULL,NULL,NULL,NULL,NULL,NULL,'La marea esta altisima',NULL,NULL),(36,13,1,NULL,NULL,NULL,NULL,NULL,NULL,NULL,NULL,NULL,'2024-03-11 09:00:02.107078',NULL,NULL,NULL,NULL,0,NULL,NULL,NULL,NULL,NULL,NULL,NULL),(37,13,1,NULL,NULL,NULL,NULL,NULL,NULL,NULL,NULL,NULL,'2024-03-11 09:24:57.161375',NULL,NULL,NULL,NULL,NULL,NULL,NULL,NULL,NULL,'Rincones de playa grande',NULL,NULL),(38,13,1,NULL,NULL,NULL,NULL,NULL,NULL,NULL,NULL,NULL,'2024-03-12 08:59:47.155660',NULL,NULL,NULL,NULL,NULL,NULL,NULL,NULL,NULL,NULL,NULL,NULL),(39,13,1,NULL,NULL,NULL,NULL,NULL,NULL,NULL,NULL,NULL,'2024-03-13 08:45:28.144127',NULL,NULL,NULL,NULL,NULL,NULL,NULL,NULL,NULL,'La están limpiando ya',NULL,NULL),(40,13,1,NULL,NULL,NULL,NULL,NULL,NULL,NULL,NULL,NULL,'2024-03-13 08:46:54.238588',NULL,NULL,NULL,NULL,NULL,NULL,NULL,NULL,NULL,'Debajo aun hay chapapote',NULL,NULL),(41,17,1,NULL,NULL,NULL,NULL,NULL,NULL,NULL,NULL,NULL,'2024-03-13 12:54:19.021422',NULL,NULL,NULL,NULL,2,NULL,NULL,NULL,NULL,NULL,NULL,NULL),(43,16,1,NULL,NULL,NULL,NULL,NULL,NULL,NULL,1,NULL,'2024-03-13 15:23:40.196561',NULL,9,NULL,NULL,3,4,NULL,NULL,NULL,'Buen baño, pero al principio sufri mucho al remontar después de la primera, y al final tuve que ir por la arena y entrar por el canal de la izquierda. después genial ?',NULL,NULL),(44,13,1,NULL,NULL,NULL,NULL,NULL,NULL,NULL,NULL,NULL,'2024-03-14 08:45:22.974477',NULL,NULL,NULL,NULL,0,NULL,NULL,NULL,NULL,NULL,NULL,NULL),(45,13,1,NULL,NULL,NULL,NULL,NULL,NULL,NULL,NULL,NULL,'2024-03-15 08:46:43.337333',NULL,NULL,NULL,NULL,0,NULL,NULL,NULL,NULL,NULL,NULL,NULL),(46,9,1,NULL,1.66,275,169,NULL,NULL,NULL,NULL,0,'2024-03-16 16:13:30.215787',100,NULL,10.5,1.4,0,NULL,1,NULL,13.9,'No rompe',NULL,11),(47,13,1,NULL,2.14,275,343,NULL,NULL,NULL,NULL,0,'2024-03-18 08:39:11.692344',100,NULL,11.65,3.3,NULL,NULL,1,NULL,13.1,NULL,NULL,6),(48,13,1,NULL,2.14,275,343,NULL,NULL,NULL,NULL,0,'2024-03-18 08:39:59.429295',100,NULL,11.65,3.3,NULL,NULL,1,NULL,13.1,NULL,NULL,6),(49,13,1,NULL,2,285,180,NULL,NULL,NULL,NULL,0,'2024-03-19 08:54:02.740452',100,NULL,11.1,3.6,NULL,NULL,1,10,9.1,NULL,NULL,3.6),(50,10,1,NULL,2,280,133,NULL,NULL,NULL,3,0,'2024-03-19 12:38:50.792040',98,8,10.8,5.8,2,2,1,NULL,11.9,NULL,77,9.4),(52,13,1,NULL,2.24,282,155,NULL,NULL,NULL,NULL,0,'2024-03-20 08:35:58.467807',100,NULL,11.45,3.3,NULL,NULL,1,9,8.5,NULL,NULL,6),(53,13,1,NULL,2.34,352,344,NULL,NULL,NULL,NULL,0,'2024-03-21 15:33:15.628605',3,NULL,7.9,1.8,1,NULL,0,14,20.5,NULL,NULL,7.9),(54,13,1,NULL,2.36,353,34,NULL,NULL,NULL,NULL,0,'2024-03-21 17:55:35.359637',0,NULL,7.9,0,NULL,NULL,1,NULL,21.1,NULL,NULL,12.2),(59,10,1,NULL,NULL,NULL,NULL,NULL,NULL,NULL,1,NULL,'2024-03-20 12:15:00.000000',NULL,10,NULL,1.7,2,3,1,NULL,NULL,'Un viento onshore fuerte, y muy desordenado, pero sorprendentemente algunas olas abrían bien, y con el tablón fué un buen baño',NULL,NULL),(60,13,1,NULL,3.36,340,44,NULL,NULL,NULL,NULL,0,'2024-03-24 14:30:00.000000',11,NULL,10.8,4.8,NULL,NULL,1,14,17.2,NULL,NULL,11.5),(61,29,1,NULL,2.86,333,40,NULL,NULL,NULL,NULL,0,'2024-03-24 13:30:00.000000',3,NULL,11.85,1.2,NULL,NULL,0,NULL,18.1,NULL,NULL,15.1),(62,13,1,1.9310492227979275,2.18,331,NULL,NULL,NULL,NULL,NULL,NULL,'2024-04-16 05:52:00.000000',NULL,NULL,9.05,2.6,NULL,NULL,1,NULL,NULL,NULL,NULL,NULL),(63,13,1,3.459522988505747,2.7,340,32,NULL,NULL,NULL,NULL,0,'2024-04-17 05:43:00.000000',0,NULL,9.95,8,NULL,NULL,0,11,9.8,NULL,NULL,8.1),(64,13,1,1.1860989304812835,2.2,12,39,NULL,NULL,NULL,NULL,0,'2024-04-18 06:01:00.000000',0,NULL,7.25,0,NULL,NULL,1,11,9.3,NULL,NULL,2.3),(65,13,1,1.3450636604774535,1.66,41,27,NULL,NULL,NULL,NULL,0,'2024-04-19 06:00:00.000000',0,NULL,7,0.9,NULL,NULL,0,NULL,9.1,NULL,NULL,1.6),(66,4,1,1.9854527777777777,2.66,54,74,NULL,NULL,NULL,NULL,0,'2024-04-21 17:31:00.000000',0,NULL,6.9,2.6,NULL,NULL,0,NULL,17,NULL,NULL,20.2),(67,13,1,2.0615491803278685,1.14,118,122,NULL,NULL,NULL,NULL,0,'2024-04-24 06:30:00.000000',67,NULL,6.65,3,NULL,NULL,0,12,7,NULL,NULL,3.4),(68,13,1,2.673112021857923,0.8,317,170,NULL,NULL,NULL,NULL,0,'2024-04-25 05:43:00.000000',100,NULL,6.5,4.1,NULL,NULL,0,NULL,10.5,NULL,NULL,4),(69,13,1,2.622857534246575,1.8,305,175,NULL,NULL,NULL,NULL,3.7,'2024-04-26 06:19:00.000000',100,NULL,8.65,4,NULL,NULL,0,NULL,10.3,NULL,NULL,8.3),(70,13,1,3.0220700808625334,1.46,326,99,NULL,NULL,NULL,NULL,0,'2024-04-29 05:42:00.000000',0,NULL,8.4,5.1,NULL,NULL,1,NULL,4.1,NULL,NULL,4.4),(71,13,1,2.241809264305177,1.34,324,197,NULL,NULL,NULL,NULL,0,'2024-04-29 09:14:00.000000',100,NULL,8.3,3.2,NULL,NULL,0,NULL,11.4,NULL,NULL,7.5),(72,13,1,2.0416240409207163,2.44,307,185,NULL,NULL,NULL,NULL,0,'2024-05-02 07:04:00.000000',0,NULL,9.25,3.1,NULL,NULL,1,NULL,9.5,NULL,NULL,15.9);
/*!40000 ALTER TABLE `registros` ENABLE KEYS */;
UNLOCK TABLES;

--
-- Table structure for table `registros_pruebas`
--

DROP TABLE IF EXISTS `registros_pruebas`;
/*!40101 SET @saved_cs_client     = @@character_set_client */;
/*!50503 SET character_set_client = utf8mb4 */;
CREATE TABLE `registros_pruebas` (
  `id` int NOT NULL AUTO_INCREMENT,
  `lugar_id` int NOT NULL,
  `usuario_id` int NOT NULL,
  `altura_marea` double DEFAULT NULL,
  `altura_ola` double DEFAULT NULL,
  `direccion_ola` smallint DEFAULT NULL,
  `direccion_viento` smallint DEFAULT NULL,
  `foto_sesion` varchar(255) COLLATE utf8mb4_general_ci DEFAULT NULL,
  `fotos` varchar(255) COLLATE utf8mb4_general_ci DEFAULT NULL,
  `fotos_sesion` varchar(255) COLLATE utf8mb4_general_ci DEFAULT NULL,
  `gente` int DEFAULT NULL,
  `lluvia` double DEFAULT NULL,
  `momento` timestamp(6) NULL DEFAULT CURRENT_TIMESTAMP(6),
  `nubes` double DEFAULT NULL,
  `numero_olas` tinyint DEFAULT NULL,
  `periodo_ola` double DEFAULT NULL,
  `punto_marea` double DEFAULT NULL,
  `que_tal_olas` tinyint DEFAULT NULL,
  `que_tal_yo` tinyint DEFAULT NULL,
  `subiendo_marea` tinyint(1) DEFAULT NULL,
  `temperatura_agua` double DEFAULT NULL,
  `temperatura_ambiente` double DEFAULT NULL,
  `texto` varchar(255) COLLATE utf8mb4_general_ci DEFAULT NULL,
  `tiempo` smallint DEFAULT NULL,
  `velocidad_viento` double DEFAULT NULL,
  PRIMARY KEY (`id`),
  KEY `FK7qvo8m1q3g953sr897hxgfy6d` (`lugar_id`)
) ENGINE=InnoDB AUTO_INCREMENT=226 DEFAULT CHARSET=utf8mb4 COLLATE=utf8mb4_general_ci;
/*!40101 SET character_set_client = @saved_cs_client */;

--
-- Dumping data for table `registros_pruebas`
--

LOCK TABLES `registros_pruebas` WRITE;
/*!40000 ALTER TABLE `registros_pruebas` DISABLE KEYS */;
INSERT INTO `registros_pruebas` VALUES (1,10,1,1.5,2,180,270,'path/to/foto_sesion.jpg','','path/to/photo1.jpg',1,1.4,'2024-03-02 23:51:59.000000',3,1,10,2,1,1,1,25.5,20,'1',3,15),(2,12,1,1.5,2,180,270,'path/to/foto_sesion.jpg','','path/to/photo1.jpg',1,1.4,'2024-03-02 23:53:00.000000',3,1,10,2,1,1,1,25.5,20,'1',3,15),(3,1,1,1.5,2,180,270,'path/to/foto_sesion.jpg','','path/to/photo1.jpg',1,1.4,'2024-03-02 23:55:16.000000',3,1,10,2,1,1,1,25.5,20,'1',3,15),(5,1,1,1.5,2,180,270,'path/to/foto_sesion.jpg','/registros/2024-03-03 01:06:26 - 1 - gUFZ.jpg','path/to/photo1.jpg',1,1.4,'2024-03-03 00:06:26.000000',3,1,10,2,1,1,1,25.5,20,'1',3,15),(7,1,1,1.5,2,180,270,'path/to/foto_sesion.jpg','/registros/2024-03-03 18:27:45 - 1 - C__t.jpg','path/to/photo1.jpg',1,1.4,'2024-03-03 17:27:45.000000',3,1,10,2,1,1,1,25.5,20,'1',3,15),(13,13,1,NULL,NULL,NULL,NULL,NULL,'',NULL,NULL,NULL,'2024-03-05 07:01:24.000000',NULL,NULL,NULL,NULL,NULL,NULL,NULL,NULL,NULL,NULL,NULL,NULL),(14,13,1,NULL,NULL,NULL,NULL,NULL,'/registros/2024-03-05 08:01:33 - 13 - Jye4.jpg',NULL,NULL,NULL,'2024-03-05 07:01:33.000000',NULL,NULL,NULL,NULL,NULL,NULL,NULL,NULL,NULL,NULL,NULL,NULL),(21,1,1,NULL,NULL,NULL,NULL,NULL,'registros/2024-03-05 22:52:39 - 1 - q8QP.png',NULL,NULL,NULL,'2024-03-05 22:52:40.039182',NULL,NULL,NULL,NULL,NULL,NULL,NULL,NULL,NULL,NULL,NULL,NULL),(29,1,1,NULL,NULL,NULL,NULL,NULL,'registros/2024-03-07 11:13:09 - 1 - 3pdY.PNG',NULL,NULL,NULL,'2024-03-07 11:13:09.472597',NULL,NULL,NULL,NULL,NULL,NULL,NULL,NULL,NULL,NULL,NULL,NULL),(31,1,1,NULL,NULL,NULL,NULL,NULL,NULL,NULL,NULL,NULL,'2024-03-07 23:39:42.818775',NULL,NULL,NULL,NULL,NULL,NULL,NULL,NULL,NULL,NULL,NULL,NULL),(33,1,1,NULL,NULL,NULL,NULL,NULL,NULL,NULL,NULL,NULL,'2024-03-08 00:05:18.003845',NULL,NULL,NULL,NULL,NULL,NULL,NULL,NULL,NULL,NULL,NULL,NULL),(39,1,1,NULL,NULL,NULL,NULL,NULL,NULL,NULL,NULL,NULL,'2024-03-14 09:35:25.641319',NULL,NULL,NULL,NULL,0,0,NULL,NULL,NULL,NULL,NULL,NULL),(41,1,1,NULL,NULL,NULL,NULL,NULL,NULL,NULL,NULL,NULL,'2024-03-15 12:01:52.579909',NULL,NULL,NULL,1.4,NULL,NULL,0,NULL,NULL,NULL,NULL,NULL),(42,1,1,NULL,NULL,NULL,NULL,NULL,NULL,NULL,NULL,NULL,'2024-03-15 13:26:09.746259',NULL,NULL,NULL,0.3,NULL,NULL,1,NULL,NULL,NULL,NULL,NULL),(43,1,1,NULL,NULL,NULL,NULL,NULL,NULL,NULL,NULL,NULL,'2024-03-15 14:23:37.567131',NULL,NULL,NULL,0.7,NULL,NULL,1,NULL,NULL,NULL,NULL,NULL),(44,1,1,NULL,NULL,NULL,NULL,NULL,NULL,NULL,NULL,NULL,'2024-03-15 14:33:25.832198',NULL,NULL,NULL,0.8,NULL,NULL,1,NULL,NULL,NULL,NULL,NULL),(45,1,1,NULL,NULL,NULL,NULL,NULL,NULL,NULL,NULL,NULL,'2024-03-15 14:35:38.399617',NULL,NULL,NULL,0.9,NULL,NULL,1,NULL,NULL,NULL,NULL,NULL),(46,1,1,NULL,NULL,NULL,NULL,NULL,NULL,NULL,NULL,NULL,'2024-03-15 14:37:37.154493',NULL,NULL,NULL,0.9,NULL,NULL,1,NULL,NULL,NULL,NULL,NULL),(47,1,1,NULL,NULL,NULL,NULL,NULL,NULL,NULL,NULL,NULL,'2024-03-15 14:39:14.914661',NULL,NULL,NULL,0.9,NULL,NULL,1,NULL,NULL,NULL,NULL,NULL),(48,1,1,NULL,NULL,NULL,NULL,NULL,NULL,NULL,NULL,NULL,'2024-03-15 14:39:53.861419',NULL,NULL,NULL,0.9,NULL,NULL,1,NULL,NULL,NULL,NULL,NULL),(49,1,1,NULL,NULL,NULL,NULL,NULL,NULL,NULL,NULL,NULL,'2024-03-15 14:42:28.480272',NULL,NULL,NULL,1,NULL,NULL,1,NULL,NULL,NULL,NULL,NULL),(50,1,1,NULL,NULL,NULL,NULL,NULL,NULL,NULL,NULL,NULL,'2024-03-16 11:35:57.312369',NULL,NULL,NULL,1.8,NULL,NULL,0,NULL,NULL,NULL,NULL,NULL),(51,1,1,NULL,NULL,NULL,NULL,NULL,NULL,NULL,NULL,NULL,'2024-03-16 11:45:05.883521',NULL,NULL,NULL,1.7,NULL,NULL,0,NULL,NULL,NULL,NULL,NULL),(52,1,1,NULL,1.78,276,192,NULL,NULL,NULL,NULL,0,'2024-03-16 11:47:03.348341',100,NULL,10.4,1.6,NULL,NULL,0,15,15.2,NULL,NULL,25.4),(53,1,1,NULL,1.78,276,192,NULL,NULL,NULL,NULL,0,'2024-03-16 11:47:41.393758',100,NULL,10.4,1.6,NULL,NULL,0,15,15.2,NULL,NULL,25.4),(54,9,1,NULL,1.6,274,198,NULL,NULL,NULL,NULL,0,'2024-03-16 14:17:14.751948',38,NULL,10.15,0.2,NULL,NULL,0,NULL,13.9,NULL,NULL,9.4),(55,13,1,NULL,2.3,283,63,NULL,NULL,NULL,NULL,0,'2024-03-20 10:15:51.404304',8,NULL,11.35,4.9,NULL,NULL,1,10,10.7,NULL,NULL,3.2),(56,13,1,NULL,2.3,283,63,NULL,NULL,NULL,NULL,0,'2024-03-20 10:22:47.609593',8,NULL,11.35,5,NULL,NULL,1,10,10.7,NULL,NULL,3.2),(57,13,1,NULL,2.3,283,63,NULL,NULL,NULL,NULL,0,'2024-03-20 10:28:39.652308',8,NULL,11.35,5.1,NULL,NULL,1,10,10.7,NULL,NULL,3.2),(58,13,1,NULL,2.3,283,63,NULL,NULL,NULL,NULL,0,'2024-03-20 10:30:25.890066',8,NULL,11.35,5.2,NULL,NULL,1,10,10.7,NULL,NULL,3.2),(59,13,1,NULL,2.22,283,72,NULL,NULL,NULL,NULL,0,'2024-03-20 19:55:29.212448',90,NULL,11.4,2,NULL,NULL,1,NULL,7.2,NULL,NULL,1.1),(60,13,1,NULL,2.26,343,288,NULL,NULL,NULL,NULL,0,'2024-03-21 13:49:25.856596',0,NULL,8.35,3.5,NULL,NULL,0,14,17.8,NULL,NULL,3.4),(61,13,1,NULL,2.92,10,50,NULL,NULL,NULL,NULL,0,'2024-03-23 09:50:40.259013',100,NULL,8.05,0.1,NULL,NULL,1,NULL,13.1,NULL,NULL,10.7),(62,13,1,NULL,2.92,10,50,NULL,NULL,NULL,NULL,0,'2024-03-23 09:51:48.297243',100,NULL,8.05,0.1,NULL,NULL,1,NULL,13.1,NULL,NULL,10.7),(63,13,1,NULL,2.94,10,45,NULL,NULL,NULL,NULL,0,'2024-03-23 10:08:56.545702',100,NULL,8.1,0.4,NULL,NULL,1,12,14.4,NULL,NULL,12.7),(64,13,1,NULL,2.94,10,45,NULL,NULL,NULL,NULL,0,'2024-03-23 10:23:17.721624',100,NULL,8.1,0.6,NULL,NULL,1,12,14.4,NULL,NULL,12.7),(65,13,1,NULL,2.94,9,46,NULL,NULL,NULL,NULL,0,'2024-03-23 10:43:44.103611',100,NULL,8.2,1,NULL,NULL,1,12,15.4,NULL,NULL,12.5),(66,13,1,NULL,2.94,9,46,NULL,NULL,NULL,NULL,0,'2024-03-23 10:56:21.153057',100,NULL,8.2,1.2,NULL,NULL,1,12,15.3,NULL,NULL,11.5),(67,13,1,NULL,2.94,9,46,NULL,NULL,NULL,NULL,0,'2024-03-23 11:00:04.539753',100,NULL,8.2,1.2,NULL,NULL,1,12,15.3,NULL,NULL,11.5),(68,13,1,NULL,2.94,9,46,NULL,NULL,NULL,NULL,0,'2024-03-23 11:03:07.562393',100,NULL,8.2,1.3,NULL,NULL,1,12,15.3,NULL,NULL,11.5),(69,13,1,NULL,2.94,9,46,NULL,NULL,NULL,NULL,0,'2024-03-23 11:04:24.594436',100,NULL,8.2,1.3,NULL,NULL,1,12,15.3,NULL,NULL,11.5),(70,13,1,NULL,2.94,9,46,NULL,NULL,NULL,NULL,0,'2024-03-23 11:11:15.017616',100,NULL,8.2,1.4,NULL,NULL,1,12,15.3,NULL,NULL,11.5),(71,13,1,NULL,2.96,9,35,NULL,NULL,NULL,NULL,0,'2024-03-23 12:10:00.000000',100,NULL,8.25,2.4,NULL,NULL,1,12,16.6,NULL,NULL,8.8),(72,13,1,NULL,NULL,NULL,NULL,NULL,NULL,NULL,NULL,NULL,'2024-03-21 12:10:00.000000',NULL,NULL,NULL,2.4,NULL,NULL,1,NULL,NULL,NULL,NULL,NULL),(73,13,1,NULL,3,8,43,NULL,NULL,NULL,NULL,0,'2024-03-23 12:44:00.000000',100,NULL,8.3,3,NULL,NULL,1,13,17.6,NULL,NULL,8.9),(74,13,1,NULL,3.36,339,36,NULL,NULL,NULL,NULL,0,'2024-03-24 13:42:00.000000',14,NULL,10.95,3.9,NULL,NULL,1,12,17,NULL,NULL,12.4),(77,13,1,1.9476795865633074,1.44,321,NULL,NULL,NULL,NULL,NULL,NULL,'2024-04-15 16:17:00.000000',NULL,NULL,7.75,2.5,NULL,NULL,1,NULL,NULL,NULL,NULL,NULL),(78,13,1,2.0114780361757107,1.44,320,NULL,NULL,NULL,NULL,NULL,NULL,'2024-04-15 16:32:00.000000',NULL,NULL,7.9,2.7,NULL,NULL,1,NULL,NULL,NULL,NULL,NULL),(79,13,1,2.283684754521964,1.42,318,NULL,NULL,NULL,NULL,NULL,NULL,'2024-04-15 17:36:00.000000',NULL,NULL,8,3.6,NULL,NULL,1,NULL,NULL,NULL,NULL,NULL),(80,13,1,1.9310492227979275,2.18,331,NULL,NULL,NULL,NULL,NULL,NULL,'2024-04-16 05:52:00.000000',NULL,NULL,9.05,2.6,NULL,NULL,1,NULL,NULL,NULL,NULL,NULL),(81,13,1,2.277921348314607,2.76,337,26,NULL,NULL,NULL,NULL,0,'2024-04-16 11:40:00.000000',12,NULL,9.7,4.1,NULL,NULL,0,NULL,15.6,NULL,NULL,18.4),(82,13,1,2.2123820224719104,2.76,337,26,NULL,NULL,NULL,NULL,0,'2024-04-16 11:59:00.000000',12,NULL,9.7,3.8,NULL,NULL,0,NULL,15.6,NULL,NULL,18.4),(83,13,1,2.205483146067416,2.76,337,26,NULL,NULL,NULL,NULL,0,'2024-04-16 12:01:00.000000',12,NULL,9.7,3.8,NULL,NULL,0,NULL,15.6,NULL,NULL,18.4),(84,13,1,2.2020337078651684,2.76,337,26,NULL,NULL,NULL,NULL,0,'2024-04-16 12:02:00.000000',12,NULL,9.7,3.8,NULL,NULL,0,13,15.6,NULL,NULL,18.4),(85,13,1,2.070955056179775,2.8,337,24,NULL,NULL,NULL,NULL,0,'2024-04-16 12:40:00.000000',1,NULL,9.75,3.2,NULL,NULL,0,13,16,NULL,NULL,19.7),(86,13,1,2.1778876404494385,2.76,337,NULL,NULL,NULL,NULL,NULL,NULL,'2024-04-16 12:09:00.000000',NULL,NULL,9.7,3.6,NULL,NULL,0,NULL,NULL,NULL,NULL,NULL),(87,13,1,2.0364606741573033,2.8,337,NULL,NULL,NULL,NULL,NULL,NULL,'2024-04-16 12:50:00.000000',NULL,NULL,9.75,3,NULL,NULL,0,NULL,NULL,NULL,NULL,NULL),(88,13,1,1.936426966292135,2.92,340,25,NULL,NULL,NULL,NULL,0,'2024-04-16 17:39:00.000000',0,NULL,9.75,2.6,NULL,NULL,0,15,14.1,NULL,NULL,20.6),(89,13,1,1.9398764044943821,2.92,340,25,NULL,NULL,NULL,NULL,0,'2024-04-16 17:40:00.000000',0,NULL,9.75,2.6,NULL,NULL,0,15,14.1,NULL,NULL,20.6),(90,13,1,1.525943820224719,2.86,338,NULL,NULL,NULL,NULL,NULL,NULL,'2024-04-16 15:40:00.000000',NULL,NULL,9.85,0.8,NULL,NULL,0,NULL,NULL,NULL,NULL,NULL),(91,13,1,1.5500898876404494,2.86,338,NULL,NULL,NULL,NULL,NULL,NULL,'2024-04-16 15:47:00.000000',NULL,NULL,9.85,0.9,NULL,NULL,0,NULL,NULL,NULL,NULL,NULL),(92,13,1,1.5535393258426966,2.86,338,NULL,NULL,NULL,NULL,NULL,NULL,'2024-04-16 15:48:00.000000',NULL,NULL,9.85,0.9,NULL,NULL,0,NULL,NULL,NULL,NULL,NULL),(93,13,1,1.577685393258427,2.86,338,24,NULL,NULL,NULL,NULL,0,'2024-04-16 15:55:00.000000',0,NULL,9.85,1,NULL,NULL,0,15,15.6,NULL,NULL,22.1),(94,13,1,1.577685393258427,2.86,338,24,NULL,NULL,NULL,NULL,0,'2024-04-16 15:55:00.000000',0,NULL,9.85,1,NULL,NULL,0,15,15.6,NULL,NULL,22.1),(95,13,1,1.5880337078651685,2.86,338,24,NULL,NULL,NULL,NULL,0,'2024-04-16 15:58:00.000000',0,NULL,9.85,1.1,NULL,NULL,0,15,15.6,NULL,NULL,22.1),(96,13,1,2.1226966292134835,2.94,340,29,NULL,NULL,NULL,NULL,0,'2024-04-16 18:33:00.000000',0,NULL,9.75,3.4,NULL,NULL,0,15,13.2,NULL,NULL,16.1),(97,13,1,1.7156629213483146,2.88,339,20,NULL,NULL,NULL,NULL,0,'2024-04-16 16:35:00.000000',0,NULL,9.8,1.6,NULL,NULL,0,15,14.9,NULL,NULL,20.7),(98,13,1,2.153741573033708,2.94,340,29,NULL,NULL,NULL,NULL,0,'2024-04-16 18:42:00.000000',0,NULL,9.75,3.5,NULL,NULL,0,15,13.2,NULL,NULL,16.1),(99,13,1,2.6470112359550564,2.96,341,28,NULL,NULL,NULL,NULL,0,'2024-04-16 21:05:00.000000',0,NULL,9.8,5.7,NULL,NULL,0,17,11.5,NULL,NULL,11.4),(102,13,1,2.2537752808988767,2.94,340,31,NULL,NULL,NULL,NULL,0,'2024-04-16 19:11:00.000000',0,NULL,9.75,4,NULL,NULL,0,15,13.3,NULL,NULL,13.4),(103,13,1,2.260674157303371,2.94,340,31,NULL,NULL,NULL,NULL,0,'2024-04-16 19:13:00.000000',0,NULL,9.75,4,NULL,NULL,0,15,13.3,NULL,NULL,13.4),(104,13,1,3.4580804597701147,2.7,340,32,NULL,NULL,NULL,NULL,0,'2024-04-17 05:42:00.000000',0,NULL,9.95,8,NULL,NULL,0,11,9.8,NULL,NULL,8.1),(105,13,1,2.351903743315508,2.14,20,50,NULL,NULL,NULL,NULL,0,'2024-04-18 10:34:00.000000',0,NULL,6.8,4.3,NULL,NULL,1,16,16.6,NULL,NULL,16.4),(107,13,1,1.3395888594164456,1.66,41,27,NULL,NULL,NULL,NULL,0,'2024-04-19 06:01:00.000000',0,NULL,7,0.9,NULL,NULL,0,NULL,9.1,NULL,NULL,1.6),(108,13,1,0.8737983651226158,2.3,57,69,NULL,NULL,NULL,NULL,0,'2024-04-22 08:47:00.000000',0,NULL,6.55,0.3,NULL,NULL,1,13,14.8,NULL,NULL,17.3),(109,13,1,0.9405258855585832,2.3,57,69,NULL,NULL,NULL,NULL,0,'2024-04-22 08:56:00.000000',0,NULL,6.55,0.4,NULL,NULL,1,13,14.8,NULL,NULL,17.3),(110,13,1,0.9627683923705722,2.3,57,69,NULL,NULL,NULL,NULL,0,'2024-04-22 08:59:00.000000',0,NULL,6.55,0.5,NULL,NULL,1,13,14.8,NULL,NULL,17.3),(111,13,1,0.9627683923705722,2.3,57,69,NULL,NULL,NULL,NULL,0,'2024-04-22 08:59:00.000000',0,NULL,6.55,0.5,NULL,NULL,1,13,14.8,NULL,NULL,17.3),(112,13,1,0.9627683923705722,2.3,57,69,NULL,NULL,NULL,NULL,0,'2024-04-22 08:59:00.000000',0,NULL,6.55,0.5,NULL,NULL,1,13,14.8,NULL,NULL,17.3),(113,13,1,1.0072534059945504,2.3,57,69,NULL,NULL,NULL,NULL,0,'2024-04-22 09:05:00.000000',0,NULL,6.55,0.6,NULL,NULL,1,13,14.8,NULL,NULL,17.3),(114,13,1,1.0294959128065395,2.3,57,69,NULL,NULL,NULL,NULL,0,'2024-04-22 09:08:00.000000',0,NULL,6.55,0.6,NULL,NULL,1,13,14.8,NULL,NULL,17.3),(115,13,1,1.0294959128065395,2.3,57,69,NULL,NULL,NULL,NULL,0,'2024-04-22 09:08:00.000000',0,NULL,6.55,0.6,NULL,NULL,1,13,14.8,NULL,NULL,17.3),(116,13,1,1.0369100817438692,2.3,57,69,NULL,NULL,NULL,NULL,0,'2024-04-22 09:09:00.000000',0,NULL,6.55,0.6,NULL,NULL,1,13,14.8,NULL,NULL,17.3),(117,13,1,1.0369100817438692,2.3,57,69,NULL,NULL,NULL,NULL,0,'2024-04-22 09:09:00.000000',0,NULL,6.55,0.6,NULL,NULL,1,13,14.8,NULL,NULL,17.3),(118,13,1,1.044324250681199,2.3,57,NULL,NULL,NULL,NULL,NULL,NULL,'2024-04-22 09:10:00.000000',NULL,NULL,6.55,0.7,NULL,NULL,1,13,NULL,NULL,NULL,NULL),(119,13,1,1.0813950953678475,2.3,57,69,NULL,NULL,NULL,NULL,0,'2024-04-22 09:15:00.000000',0,NULL,6.55,0.7,NULL,NULL,1,13,14.8,NULL,NULL,17.3),(120,13,1,1.0888092643051772,2.3,57,69,NULL,NULL,NULL,NULL,0,'2024-04-22 09:16:00.000000',0,NULL,6.55,0.8,NULL,NULL,1,13,14.8,NULL,NULL,17.3),(121,13,1,1.0888092643051772,2.3,57,69,NULL,NULL,NULL,NULL,0,'2024-04-22 09:16:00.000000',0,NULL,6.55,0.8,NULL,NULL,1,13,14.8,NULL,NULL,17.3),(122,13,1,1.0888092643051772,2.3,57,69,NULL,NULL,NULL,NULL,0,'2024-04-22 09:16:00.000000',0,NULL,6.55,0.8,NULL,NULL,1,13,14.8,NULL,NULL,17.3),(123,13,1,1.0888092643051772,2.3,57,69,NULL,NULL,NULL,NULL,0,'2024-04-22 09:16:00.000000',0,NULL,6.55,0.8,NULL,NULL,1,13,14.8,NULL,NULL,17.3),(124,13,1,1.0888092643051772,2.3,57,69,NULL,NULL,NULL,NULL,0,'2024-04-22 09:16:00.000000',0,NULL,6.55,0.8,NULL,NULL,1,13,14.8,NULL,NULL,17.3),(125,13,1,1.0888092643051772,2.3,57,69,NULL,NULL,NULL,NULL,0,'2024-04-22 09:16:00.000000',0,NULL,6.55,0.8,NULL,NULL,1,13,14.8,NULL,NULL,17.3),(126,13,1,1.096223433242507,2.3,57,69,NULL,NULL,NULL,NULL,0,'2024-04-22 09:17:00.000000',0,NULL,6.55,0.8,NULL,NULL,1,13,14.8,NULL,NULL,17.3),(216,13,1,2.9966037735849054,1.46,326,99,NULL,NULL,NULL,NULL,0,'2024-04-29 05:38:00.000000',0,NULL,8.4,5,NULL,NULL,1,NULL,4.1,NULL,NULL,4.4),(217,13,1,1.9732608695652174,2.44,307,185,NULL,NULL,NULL,NULL,0,'2024-05-02 06:49:00.000000',0,NULL,9.25,2.9,NULL,NULL,1,NULL,9.5,NULL,NULL,15.9),(218,13,1,2.242156010230179,2.42,308,204,NULL,NULL,NULL,NULL,0,'2024-05-02 07:48:00.000000',0,NULL,9.2,3.8,NULL,NULL,1,NULL,11,NULL,NULL,17.7),(219,13,1,2.8072915601023016,2.42,308,229,NULL,NULL,NULL,NULL,0,'2024-05-02 09:52:00.000000',55,NULL,9.1,5.7,NULL,NULL,1,13,13.1,NULL,NULL,17.1),(220,13,1,2.305961636828645,2.42,308,204,NULL,NULL,NULL,NULL,0,'2024-05-02 08:02:00.000000',0,NULL,9.2,4,NULL,NULL,1,NULL,11,NULL,NULL,17.7),(221,13,1,2.310519181585678,2.42,308,204,NULL,NULL,NULL,NULL,0,'2024-05-02 08:03:00.000000',0,NULL,9.2,4,NULL,NULL,1,NULL,11,NULL,NULL,17.7),(222,13,1,2.8621460674157304,2.42,308,229,NULL,NULL,NULL,NULL,0,'2024-05-02 10:22:00.000000',55,NULL,9.1,5.9,NULL,NULL,0,NULL,13.1,NULL,NULL,17.1),(223,13,1,2.803134831460674,2.4,307,242,NULL,NULL,NULL,NULL,0,'2024-05-02 10:35:00.000000',80,NULL,9,5.7,NULL,NULL,0,NULL,13.5,NULL,NULL,14.7),(224,13,1,2.780438202247191,2.4,307,242,NULL,NULL,NULL,NULL,0,'2024-05-02 10:40:00.000000',80,NULL,9,5.6,NULL,NULL,0,14,13.5,NULL,NULL,14.7),(225,13,1,2.4837058823529414,2.42,308,224,NULL,NULL,NULL,NULL,0,'2024-05-02 08:41:00.000000',15,NULL,9.15,4.6,NULL,NULL,1,14,12.2,NULL,NULL,17.6);
/*!40000 ALTER TABLE `registros_pruebas` ENABLE KEYS */;
UNLOCK TABLES;

--
-- Table structure for table `usuarios`
--

DROP TABLE IF EXISTS `usuarios`;
/*!40101 SET @saved_cs_client     = @@character_set_client */;
/*!50503 SET character_set_client = utf8mb4 */;
CREATE TABLE `usuarios` (
  `id` int NOT NULL AUTO_INCREMENT,
  `nombre` varchar(50) COLLATE utf8mb4_general_ci NOT NULL,
  `email` varchar(100) COLLATE utf8mb4_general_ci NOT NULL,
  `clave_hash` varchar(255) COLLATE utf8mb4_general_ci NOT NULL,
  `fecha_registro` timestamp NULL DEFAULT CURRENT_TIMESTAMP,
  `esta_activo` tinyint(1) DEFAULT '1',
  PRIMARY KEY (`id`),
  UNIQUE KEY `email` (`email`)
) ENGINE=InnoDB AUTO_INCREMENT=7 DEFAULT CHARSET=utf8mb4 COLLATE=utf8mb4_general_ci;
/*!40101 SET character_set_client = @saved_cs_client */;

--
-- Dumping data for table `usuarios`
--

LOCK TABLES `usuarios` WRITE;
/*!40000 ALTER TABLE `usuarios` DISABLE KEYS */;
INSERT INTO `usuarios` VALUES (1,'usuario1','usuario1@example.com','hashed_password_1','2024-02-25 09:00:00',1),(2,'usuario2','usuario2@example.com','hashed_password_2','2024-02-25 09:15:00',1),(3,'usuario3','usuario3@example.com','hashed_password_3','2024-02-25 09:30:00',0),(4,'usuario4','usuario4@example.com','hashed_password_4','2024-02-25 09:45:00',1),(5,'usuario5','usuario5@example.com','hashed_password_5','2024-02-25 10:00:00',1),(6,'usuario20','usuario20@example.com','hashed_password_20','2024-02-25 13:45:00',0);
/*!40000 ALTER TABLE `usuarios` ENABLE KEYS */;
UNLOCK TABLES;
/*!40103 SET TIME_ZONE=@OLD_TIME_ZONE */;

/*!40101 SET SQL_MODE=@OLD_SQL_MODE */;
/*!40014 SET FOREIGN_KEY_CHECKS=@OLD_FOREIGN_KEY_CHECKS */;
/*!40014 SET UNIQUE_CHECKS=@OLD_UNIQUE_CHECKS */;
/*!40101 SET CHARACTER_SET_CLIENT=@OLD_CHARACTER_SET_CLIENT */;
/*!40101 SET CHARACTER_SET_RESULTS=@OLD_CHARACTER_SET_RESULTS */;
/*!40101 SET COLLATION_CONNECTION=@OLD_COLLATION_CONNECTION */;
/*!40111 SET SQL_NOTES=@OLD_SQL_NOTES */;

-- Dump completed on 2024-05-02 13:06:05
